Categoria,Rating,Promedio descargas
Accion,0.0,1186.0
Accion,1.0,225.0
Accion,1.1,12724.0
Accion,1.2,2387.0
Accion,1.3,1526.0
Accion,1.4,15288.0
Accion,1.5,43652.0
Accion,1.6,42866.0
Accion,1.7,187866.0
Accion,1.8,118444.0
Accion,1.9,61555.0
Accion,2.0,6213.0
Accion,2.1,28081.0
Accion,2.2,199470.0
Accion,2.3,34883.0
Accion,2.4,92925.0
Accion,2.5,63203.0
Accion,2.6,75482.0
Accion,2.7,208906.0
Accion,2.8,110225.0
Accion,2.9,158141.0
Accion,3.0,135276.0
Accion,3.1,188244.0
Accion,3.2,303936.0
Accion,3.3,347591.0
Accion,3.4,329455.0
Accion,3.5,997232.0
Accion,3.6,369187.0
Accion,3.7,605881.0
Accion,3.8,791314.0
Accion,3.9,1428595.0
Accion,4.0,1945870.0
Accion,4.1,3873867.0
Accion,4.2,3865615.0
Accion,4.3,4521208.0
Accion,4.4,4246084.0
Accion,4.5,2821401.0
Accion,4.6,1308178.0
Accion,4.7,479702.0
Accion,4.8,16842.0
Accion,4.9,18601.0
Accion,5.0,835.0
Arcade,0.0,534.0
Arcade,1.0,1014.0
Arcade,1.1,726.0
Arcade,1.2,3048.0
Arcade,1.3,305929.0
Arcade,1.4,4117.0
Arcade,1.5,6279.0
Arcade,1.6,42320.0
Arcade,1.7,35559.0
Arcade,1.8,50996.0
Arcade,1.9,76686.0
Arcade,2.0,14984.0
Arcade,2.1,82424.0
Arcade,2.2,27220.0
Arcade,2.3,73875.0
Arcade,2.4,47330.0
Arcade,2.5,86722.0
Arcade,2.6,94571.0
Arcade,2.7,198827.0
Arcade,2.8,115213.0
Arcade,2.9,135624.0
Arcade,3.0,106261.0
Arcade,3.1,216191.0
Arcade,3.2,143921.0
Arcade,3.3,319055.0
Arcade,3.4,217714.0
Arcade,3.5,201958.0
Arcade,3.6,333716.0
Arcade,3.7,327017.0
Arcade,3.8,719892.0
Arcade,3.9,1078019.0
Arcade,4.0,1637701.0
Arcade,4.1,2562450.0
Arcade,4.2,1622891.0
Arcade,4.3,1896020.0
Arcade,4.4,2083027.0
Arcade,4.5,1498874.0
Arcade,4.6,1760666.0
Arcade,4.7,75873.0
Arcade,4.8,14822.0
Arcade,4.9,1807.0
Arcade,5.0,478.0
Audio y Musica,0.0,793.0
Audio y Musica,1.0,6874.0
Audio y Musica,1.1,1223.0
Audio y Musica,1.2,16764.0
Audio y Musica,1.3,3953.0
Audio y Musica,1.4,1755100.0
Audio y Musica,1.5,30412.0
Audio y Musica,1.6,12754.0
Audio y Musica,1.7,15124.0
Audio y Musica,1.8,6799.0
Audio y Musica,1.9,87178.0
Audio y Musica,2.0,22569.0
Audio y Musica,2.1,117104.0
Audio y Musica,2.2,50307.0
Audio y Musica,2.3,230588.0
Audio y Musica,2.4,113348.0
Audio y Musica,2.5,58695.0
Audio y Musica,2.6,67306.0
Audio y Musica,2.7,69398.0
Audio y Musica,2.8,56936.0
Audio y Musica,2.9,104823.0
Audio y Musica,3.0,91301.0
Audio y Musica,3.1,123899.0
Audio y Musica,3.2,141402.0
Audio y Musica,3.3,189905.0
Audio y Musica,3.4,82481.0
Audio y Musica,3.5,116108.0
Audio y Musica,3.6,99693.0
Audio y Musica,3.7,755478.0
Audio y Musica,3.8,254843.0
Audio y Musica,3.9,167093.0
Audio y Musica,4.0,208754.0
Audio y Musica,4.1,465797.0
Audio y Musica,4.2,753967.0
Audio y Musica,4.3,328193.0
Audio y Musica,4.4,532834.0
Audio y Musica,4.5,351586.0
Audio y Musica,4.6,312297.0
Audio y Musica,4.7,203714.0
Audio y Musica,4.8,82726.0
Audio y Musica,4.9,8287.0
Audio y Musica,5.0,2686.0
Automoviles y vehiculos,0.0,1236.0
Automoviles y vehiculos,1.0,621.0
Automoviles y vehiculos,1.1,14418.0
Automoviles y vehiculos,1.2,100221.0
Automoviles y vehiculos,1.3,5482.0
Automoviles y vehiculos,1.4,48551.0
Automoviles y vehiculos,1.5,25325.0
Automoviles y vehiculos,1.6,17070.0
Automoviles y vehiculos,1.7,13743.0
Automoviles y vehiculos,1.8,26925.0
Automoviles y vehiculos,1.9,14348.0
Automoviles y vehiculos,2.0,24983.0
Automoviles y vehiculos,2.1,122367.0
Automoviles y vehiculos,2.2,34767.0
Automoviles y vehiculos,2.3,31491.0
Automoviles y vehiculos,2.4,21287.0
Automoviles y vehiculos,2.5,26243.0
Automoviles y vehiculos,2.6,39436.0
Automoviles y vehiculos,2.7,86124.0
Automoviles y vehiculos,2.8,31865.0
Automoviles y vehiculos,2.9,44712.0
Automoviles y vehiculos,3.0,54981.0
Automoviles y vehiculos,3.1,51593.0
Automoviles y vehiculos,3.2,30747.0
Automoviles y vehiculos,3.3,74474.0
Automoviles y vehiculos,3.4,50106.0
Automoviles y vehiculos,3.5,83000.0
Automoviles y vehiculos,3.6,113235.0
Automoviles y vehiculos,3.7,132108.0
Automoviles y vehiculos,3.8,111437.0
Automoviles y vehiculos,3.9,82264.0
Automoviles y vehiculos,4.0,153127.0
Automoviles y vehiculos,4.1,141685.0
Automoviles y vehiculos,4.2,117102.0
Automoviles y vehiculos,4.3,4251396.0
Automoviles y vehiculos,4.4,131762.0
Automoviles y vehiculos,4.5,253682.0
Automoviles y vehiculos,4.6,230376.0
Automoviles y vehiculos,4.7,152947.0
Automoviles y vehiculos,4.8,239609.0
Automoviles y vehiculos,4.9,115448.0
Automoviles y vehiculos,5.0,2904.0
Aventura,0.0,1156.0
Aventura,1.0,1052.0
Aventura,1.1,567.0
Aventura,1.2,440.0
Aventura,1.3,1445.0
Aventura,1.4,2282.0
Aventura,1.5,4283.0
Aventura,1.6,9376.0
Aventura,1.7,1438.0
Aventura,1.8,27789.0
Aventura,1.9,194856.0
Aventura,2.0,56227.0
Aventura,2.1,14564.0
Aventura,2.2,31671.0
Aventura,2.3,19822.0
Aventura,2.4,127745.0
Aventura,2.5,84087.0
Aventura,2.6,82488.0
Aventura,2.7,250976.0
Aventura,2.8,218259.0
Aventura,2.9,233951.0
Aventura,3.0,231222.0
Aventura,3.1,181292.0
Aventura,3.2,175016.0
Aventura,3.3,238652.0
Aventura,3.4,373808.0
Aventura,3.5,318021.0
Aventura,3.6,475393.0
Aventura,3.7,479465.0
Aventura,3.8,364950.0
Aventura,3.9,1021462.0
Aventura,4.0,956796.0
Aventura,4.1,1519157.0
Aventura,4.2,1023098.0
Aventura,4.3,838353.0
Aventura,4.4,1363487.0
Aventura,4.5,800197.0
Aventura,4.6,334035.0
Aventura,4.7,218157.0
Aventura,4.8,107535.0
Aventura,4.9,33367.0
Aventura,5.0,2999.0
Belleza,0.0,764.0
Belleza,1.0,1039.0
Belleza,1.1,8141.0
Belleza,1.2,3389.0
Belleza,1.3,7101.0
Belleza,1.4,3748.0
Belleza,1.5,4254.0
Belleza,1.6,21927.0
Belleza,1.7,41262.0
Belleza,1.8,9912.0
Belleza,1.9,96436.0
Belleza,2.0,35270.0
Belleza,2.1,20470.0
Belleza,2.2,9135.0
Belleza,2.3,43668.0
Belleza,2.4,73969.0
Belleza,2.5,245869.0
Belleza,2.6,14564.0
Belleza,2.7,39200.0
Belleza,2.8,71365.0
Belleza,2.9,155788.0
Belleza,3.0,91407.0
Belleza,3.1,70256.0
Belleza,3.2,40676.0
Belleza,3.3,92897.0
Belleza,3.4,134655.0
Belleza,3.5,114574.0
Belleza,3.6,209834.0
Belleza,3.7,258339.0
Belleza,3.8,343347.0
Belleza,3.9,269570.0
Belleza,4.0,146511.0
Belleza,4.1,435642.0
Belleza,4.2,210099.0
Belleza,4.3,552478.0
Belleza,4.4,148004.0
Belleza,4.5,129916.0
Belleza,4.6,107121.0
Belleza,4.7,104073.0
Belleza,4.8,50337.0
Belleza,4.9,45365.0
Belleza,5.0,2062.0
Board,0.0,1501.0
Board,1.0,109.0
Board,1.2,3329.0
Board,1.3,852.0
Board,1.4,5156.0
Board,1.5,5785.0
Board,1.6,2289.0
Board,1.7,3150.0
Board,1.8,1480.0
Board,1.9,3725.0
Board,2.0,17486.0
Board,2.1,8847.0
Board,2.2,37278.0
Board,2.3,11336.0
Board,2.4,84999.0
Board,2.5,170831.0
Board,2.6,47269.0
Board,2.7,36587.0
Board,2.8,139273.0
Board,2.9,171263.0
Board,3.0,80244.0
Board,3.1,57168.0
Board,3.2,318219.0
Board,3.3,148364.0
Board,3.4,134943.0
Board,3.5,146404.0
Board,3.6,223617.0
Board,3.7,307325.0
Board,3.8,180880.0
Board,3.9,620473.0
Board,4.0,688353.0
Board,4.1,772911.0
Board,4.2,2341402.0
Board,4.3,1819496.0
Board,4.4,992873.0
Board,4.5,1191354.0
Board,4.6,906346.0
Board,4.7,625677.0
Board,4.8,140690.0
Board,4.9,6182.0
Board,5.0,986.0
Card,0.0,3379.0
Card,1.0,267.0
Card,1.2,4584.0
Card,1.4,13077.0
Card,1.6,1833.0
Card,1.7,1022.0
Card,1.8,2330.0
Card,1.9,12367.0
Card,2.0,7555.0
Card,2.1,10347.0
Card,2.2,24038.0
Card,2.3,60500.0
Card,2.4,112217.0
Card,2.5,34272.0
Card,2.6,232591.0
Card,2.7,31974.0
Card,2.8,78579.0
Card,2.9,55594.0
Card,3.0,72367.0
Card,3.1,65710.0
Card,3.2,73892.0
Card,3.3,96323.0
Card,3.4,65758.0
Card,3.5,123350.0
Card,3.6,211771.0
Card,3.7,278950.0
Card,3.8,372519.0
Card,3.9,208839.0
Card,4.0,357056.0
Card,4.1,797902.0
Card,4.2,842201.0
Card,4.3,889006.0
Card,4.4,754820.0
Card,4.5,1110072.0
Card,4.6,1204639.0
Card,4.7,1017494.0
Card,4.8,196403.0
Card,4.9,11095.0
Card,5.0,10316.0
Carreras,0.0,4614.0
Carreras,1.0,166150.0
Carreras,1.1,34123.0
Carreras,1.2,11510.0
Carreras,1.4,1133.0
Carreras,1.5,10009.0
Carreras,1.6,1050.0
Carreras,1.7,829.0
Carreras,1.8,10762.0
Carreras,1.9,2121.0
Carreras,2.0,16988.0
Carreras,2.1,6169.0
Carreras,2.2,43106.0
Carreras,2.3,71006.0
Carreras,2.4,23374.0
Carreras,2.5,67095.0
Carreras,2.6,60380.0
Carreras,2.7,138011.0
Carreras,2.8,81060.0
Carreras,2.9,119908.0
Carreras,3.0,72773.0
Carreras,3.1,413146.0
Carreras,3.2,99073.0
Carreras,3.3,202903.0
Carreras,3.4,360971.0
Carreras,3.5,478320.0
Carreras,3.6,421680.0
Carreras,3.7,703933.0
Carreras,3.8,889156.0
Carreras,3.9,1764310.0
Carreras,4.0,1858535.0
Carreras,4.1,3419845.0
Carreras,4.2,6172619.0
Carreras,4.3,8499454.0
Carreras,4.4,5572436.0
Carreras,4.5,2243121.0
Carreras,4.6,2285554.0
Carreras,4.7,94302.0
Carreras,4.8,37472.0
Carreras,4.9,23839.0
Carreras,5.0,5101.0
Casa y Hogar,0.0,548.0
Casa y Hogar,1.0,1955.0
Casa y Hogar,1.1,10134.0
Casa y Hogar,1.2,11445.0
Casa y Hogar,1.3,5924.0
Casa y Hogar,1.4,7917.0
Casa y Hogar,1.5,34091.0
Casa y Hogar,1.6,14823.0
Casa y Hogar,1.7,29704.0
Casa y Hogar,1.8,27681.0
Casa y Hogar,1.9,15346.0
Casa y Hogar,2.0,37089.0
Casa y Hogar,2.1,14114.0
Casa y Hogar,2.2,22435.0
Casa y Hogar,2.3,23046.0
Casa y Hogar,2.4,57000.0
Casa y Hogar,2.5,69385.0
Casa y Hogar,2.6,21744.0
Casa y Hogar,2.7,204668.0
Casa y Hogar,2.8,36721.0
Casa y Hogar,2.9,52300.0
Casa y Hogar,3.0,37057.0
Casa y Hogar,3.1,18722.0
Casa y Hogar,3.2,61971.0
Casa y Hogar,3.3,32571.0
Casa y Hogar,3.4,112623.0
Casa y Hogar,3.5,248126.0
Casa y Hogar,3.6,293612.0
Casa y Hogar,3.7,65617.0
Casa y Hogar,3.8,111194.0
Casa y Hogar,3.9,288244.0
Casa y Hogar,4.0,510293.0
Casa y Hogar,4.1,261501.0
Casa y Hogar,4.2,122371.0
Casa y Hogar,4.3,184707.0
Casa y Hogar,4.4,373433.0
Casa y Hogar,4.5,416965.0
Casa y Hogar,4.6,359918.0
Casa y Hogar,4.7,255562.0
Casa y Hogar,4.8,20305.0
Casa y Hogar,4.9,2432.0
Casa y Hogar,5.0,647.0
Casino,0.0,3223.0
Casino,1.2,17511.0
Casino,1.5,801853.0
Casino,1.6,2153.0
Casino,1.8,87640.0
Casino,1.9,1298.0
Casino,2.0,17315.0
Casino,2.1,99074.0
Casino,2.2,148711.0
Casino,2.3,10428.0
Casino,2.4,317170.0
Casino,2.5,4359.0
Casino,2.6,26649.0
Casino,2.7,32045.0
Casino,2.8,219924.0
Casino,2.9,67367.0
Casino,3.0,22315.0
Casino,3.1,42664.0
Casino,3.2,100403.0
Casino,3.3,46587.0
Casino,3.4,49944.0
Casino,3.5,103237.0
Casino,3.6,79313.0
Casino,3.7,72344.0
Casino,3.8,134974.0
Casino,3.9,387755.0
Casino,4.0,227059.0
Casino,4.1,268052.0
Casino,4.2,680777.0
Casino,4.3,901085.0
Casino,4.4,1150388.0
Casino,4.5,1163438.0
Casino,4.6,824756.0
Casino,4.7,798999.0
Casino,4.8,426496.0
Casino,4.9,26610.0
Casino,5.0,14181.0
Casual,0.0,1042.0
Casual,1.0,1264.0
Casual,1.1,690.0
Casual,1.2,1998.0
Casual,1.3,6008.0
Casual,1.4,1262.0
Casual,1.5,4242.0
Casual,1.6,30157.0
Casual,1.7,12108.0
Casual,1.8,140732.0
Casual,1.9,77491.0
Casual,2.0,22017.0
Casual,2.1,83618.0
Casual,2.2,42465.0
Casual,2.3,74335.0
Casual,2.4,45816.0
Casual,2.5,72341.0
Casual,2.6,147004.0
Casual,2.7,115630.0
Casual,2.8,89675.0
Casual,2.9,80651.0
Casual,3.0,172475.0
Casual,3.1,200125.0
Casual,3.2,193148.0
Casual,3.3,323230.0
Casual,3.4,398130.0
Casual,3.5,417503.0
Casual,3.6,517482.0
Casual,3.7,413241.0
Casual,3.8,762122.0
Casual,3.9,1218102.0
Casual,4.0,1546096.0
Casual,4.1,1776459.0
Casual,4.2,2013590.0
Casual,4.3,3689343.0
Casual,4.4,2073965.0
Casual,4.5,1415909.0
Casual,4.6,1773121.0
Casual,4.7,184531.0
Casual,4.8,38131.0
Casual,4.9,12862.0
Casual,5.0,1163.0
Citas,0.0,1588.0
Citas,1.0,925.0
Citas,1.1,30433.0
Citas,1.2,3092.0
Citas,1.4,110334.0
Citas,1.5,3753.0
Citas,1.6,19224.0
Citas,1.7,18380.0
Citas,1.8,79862.0
Citas,1.9,87406.0
Citas,2.0,30676.0
Citas,2.1,40030.0
Citas,2.2,82278.0
Citas,2.3,89486.0
Citas,2.4,76062.0
Citas,2.5,27598.0
Citas,2.6,96729.0
Citas,2.7,37996.0
Citas,2.8,122483.0
Citas,2.9,85696.0
Citas,3.0,71391.0
Citas,3.1,177560.0
Citas,3.2,331009.0
Citas,3.3,307551.0
Citas,3.4,256028.0
Citas,3.5,147913.0
Citas,3.6,499716.0
Citas,3.7,184663.0
Citas,3.8,374905.0
Citas,3.9,537346.0
Citas,4.0,1621957.0
Citas,4.1,527185.0
Citas,4.2,228783.0
Citas,4.3,164098.0
Citas,4.4,559834.0
Citas,4.5,210852.0
Citas,4.6,84616.0
Citas,4.7,109283.0
Citas,4.8,37610.0
Citas,4.9,38724.0
Citas,5.0,2942.0
Clima,0.0,3060.0
Clima,1.1,5026.0
Clima,1.2,546.0
Clima,1.3,14434.0
Clima,1.4,5747.0
Clima,1.5,26841.0
Clima,1.6,5590.0
Clima,1.7,32394.0
Clima,1.8,8244.0
Clima,1.9,14029.0
Clima,2.0,40611.0
Clima,2.1,11429.0
Clima,2.2,65305.0
Clima,2.3,399574.0
Clima,2.4,12978.0
Clima,2.5,21880.0
Clima,2.6,17801.0
Clima,2.7,42074.0
Clima,2.8,47822.0
Clima,2.9,64308.0
Clima,3.0,60616.0
Clima,3.1,223651.0
Clima,3.2,88968.0
Clima,3.3,233648.0
Clima,3.4,170217.0
Clima,3.5,178798.0
Clima,3.6,487159.0
Clima,3.7,518064.0
Clima,3.8,426449.0
Clima,3.9,955549.0
Clima,4.0,782576.0
Clima,4.1,662195.0
Clima,4.2,909964.0
Clima,4.3,1179514.0
Clima,4.4,881156.0
Clima,4.5,3261435.0
Clima,4.6,1338763.0
Clima,4.7,1000312.0
Clima,4.8,646681.0
Clima,4.9,281809.0
Clima,5.0,48103.0
Comics,0.0,3566.0
Comics,1.1,5856.0
Comics,1.4,64932.0
Comics,1.5,48037.0
Comics,1.6,12840.0
Comics,1.7,6538.0
Comics,1.8,8574.0
Comics,1.9,67031.0
Comics,2.0,14753.0
Comics,2.1,900645.0
Comics,2.2,35125.0
Comics,2.3,100856.0
Comics,2.4,52702.0
Comics,2.5,367810.0
Comics,2.6,55169.0
Comics,2.7,77707.0
Comics,2.8,134536.0
Comics,2.9,86256.0
Comics,3.0,143425.0
Comics,3.1,360439.0
Comics,3.2,47690.0
Comics,3.3,195413.0
Comics,3.4,434610.0
Comics,3.5,155914.0
Comics,3.6,232957.0
Comics,3.7,271941.0
Comics,3.8,305023.0
Comics,3.9,559184.0
Comics,4.0,376207.0
Comics,4.1,654866.0
Comics,4.2,297700.0
Comics,4.3,410559.0
Comics,4.4,451899.0
Comics,4.5,311590.0
Comics,4.6,1104639.0
Comics,4.7,224332.0
Comics,4.8,81023.0
Comics,4.9,102198.0
Comics,5.0,2047.0
Comida y Bebidas,0.0,501.0
Comida y Bebidas,1.0,1931.0
Comida y Bebidas,1.1,2434.0
Comida y Bebidas,1.2,7853.0
Comida y Bebidas,1.3,28506.0
Comida y Bebidas,1.4,9533.0
Comida y Bebidas,1.5,14319.0
Comida y Bebidas,1.6,5245.0
Comida y Bebidas,1.7,16106.0
Comida y Bebidas,1.8,20115.0
Comida y Bebidas,1.9,21724.0
Comida y Bebidas,2.0,25551.0
Comida y Bebidas,2.1,35698.0
Comida y Bebidas,2.2,25291.0
Comida y Bebidas,2.3,57391.0
Comida y Bebidas,2.4,275161.0
Comida y Bebidas,2.5,86351.0
Comida y Bebidas,2.6,25941.0
Comida y Bebidas,2.7,41587.0
Comida y Bebidas,2.8,45851.0
Comida y Bebidas,2.9,482539.0
Comida y Bebidas,3.0,132354.0
Comida y Bebidas,3.1,60381.0
Comida y Bebidas,3.2,119636.0
Comida y Bebidas,3.3,55127.0
Comida y Bebidas,3.4,84251.0
Comida y Bebidas,3.5,157110.0
Comida y Bebidas,3.6,84704.0
Comida y Bebidas,3.7,159460.0
Comida y Bebidas,3.8,104140.0
Comida y Bebidas,3.9,164516.0
Comida y Bebidas,4.0,59873.0
Comida y Bebidas,4.1,116041.0
Comida y Bebidas,4.2,292543.0
Comida y Bebidas,4.3,301350.0
Comida y Bebidas,4.4,152930.0
Comida y Bebidas,4.5,184891.0
Comida y Bebidas,4.6,165175.0
Comida y Bebidas,4.7,146958.0
Comida y Bebidas,4.8,105415.0
Comida y Bebidas,4.9,13538.0
Comida y Bebidas,5.0,860.0
Comunicacion,0.0,1530.0
Comunicacion,1.0,5535.0
Comunicacion,1.1,19005.0
Comunicacion,1.2,6839.0
Comunicacion,1.3,67790.0
Comunicacion,1.4,22974.0
Comunicacion,1.5,23366.0
Comunicacion,1.6,22922.0
Comunicacion,1.7,183340.0
Comunicacion,1.8,71194.0
Comunicacion,1.9,64230.0
Comunicacion,2.0,99272.0
Comunicacion,2.1,106350.0
Comunicacion,2.2,99482.0
Comunicacion,2.3,102853.0
Comunicacion,2.4,260920.0
Comunicacion,2.5,120662.0
Comunicacion,2.6,144600.0
Comunicacion,2.7,111986.0
Comunicacion,2.8,209849.0
Comunicacion,2.9,180306.0
Comunicacion,3.0,97876.0
Comunicacion,3.1,150288.0
Comunicacion,3.2,94007.0
Comunicacion,3.3,647646.0
Comunicacion,3.4,139814.0
Comunicacion,3.5,230689.0
Comunicacion,3.6,753485.0
Comunicacion,3.7,295041.0
Comunicacion,3.8,332738.0
Comunicacion,3.9,1627161.0
Comunicacion,4.0,14406377.0
Comunicacion,4.1,8680301.0
Comunicacion,4.2,8040660.0
Comunicacion,4.3,4365884.0
Comunicacion,4.4,5433863.0
Comunicacion,4.5,4832099.0
Comunicacion,4.6,430208.0
Comunicacion,4.7,164296.0
Comunicacion,4.8,17136.0
Comunicacion,4.9,8118.0
Comunicacion,5.0,836.0
Deportes,0.0,1005.0
Deportes,1.0,866.0
Deportes,1.1,539304.0
Deportes,1.2,2318.0
Deportes,1.3,11667.0
Deportes,1.4,81025.0
Deportes,1.5,201015.0
Deportes,1.6,24389.0
Deportes,1.7,60875.0
Deportes,1.8,22800.0
Deportes,1.9,45051.0
Deportes,2.0,22213.0
Deportes,2.1,37611.0
Deportes,2.2,40554.0
Deportes,2.3,81125.0
Deportes,2.4,44848.0
Deportes,2.5,143062.0
Deportes,2.6,118020.0
Deportes,2.7,222502.0
Deportes,2.8,73933.0
Deportes,2.9,85022.0
Deportes,3.0,106810.0
Deportes,3.1,139462.0
Deportes,3.2,116360.0
Deportes,3.3,103412.0
Deportes,3.4,131703.0
Deportes,3.5,180497.0
Deportes,3.6,246462.0
Deportes,3.7,271179.0
Deportes,3.8,419709.0
Deportes,3.9,599994.0
Deportes,4.0,687021.0
Deportes,4.1,1054743.0
Deportes,4.2,1232666.0
Deportes,4.3,1163312.0
Deportes,4.4,1533128.0
Deportes,4.5,483359.0
Deportes,4.6,338693.0
Deportes,4.7,144255.0
Deportes,4.8,24733.0
Deportes,4.9,13905.0
Deportes,5.0,1560.0
Diseño y Arte,0.0,874.0
Diseño y Arte,1.0,4142.0
Diseño y Arte,1.1,5936.0
Diseño y Arte,1.2,17596.0
Diseño y Arte,1.3,2832.0
Diseño y Arte,1.4,4359.0
Diseño y Arte,1.5,9716.0
Diseño y Arte,1.6,19612.0
Diseño y Arte,1.7,6102.0
Diseño y Arte,1.8,30433.0
Diseño y Arte,1.9,43085.0
Diseño y Arte,2.0,209997.0
Diseño y Arte,2.1,31631.0
Diseño y Arte,2.2,51297.0
Diseño y Arte,2.3,49864.0
Diseño y Arte,2.4,135427.0
Diseño y Arte,2.5,16096.0
Diseño y Arte,2.6,144665.0
Diseño y Arte,2.7,47440.0
Diseño y Arte,2.8,67214.0
Diseño y Arte,2.9,44960.0
Diseño y Arte,3.0,40528.0
Diseño y Arte,3.1,97585.0
Diseño y Arte,3.2,70277.0
Diseño y Arte,3.3,33697.0
Diseño y Arte,3.4,71502.0
Diseño y Arte,3.5,52866.0
Diseño y Arte,3.6,92154.0
Diseño y Arte,3.7,204561.0
Diseño y Arte,3.8,143064.0
Diseño y Arte,3.9,242181.0
Diseño y Arte,4.0,260694.0
Diseño y Arte,4.1,319918.0
Diseño y Arte,4.2,349813.0
Diseño y Arte,4.3,263242.0
Diseño y Arte,4.4,200151.0
Diseño y Arte,4.5,575560.0
Diseño y Arte,4.6,184693.0
Diseño y Arte,4.7,519222.0
Diseño y Arte,4.8,47533.0
Diseño y Arte,4.9,6633.0
Diseño y Arte,5.0,1571.0
Editores de Video,0.0,3056.0
Editores de Video,1.0,1085.0
Editores de Video,1.1,1791.0
Editores de Video,1.2,22922.0
Editores de Video,1.3,33362.0
Editores de Video,1.4,124441.0
Editores de Video,1.5,22043.0
Editores de Video,1.6,148588.0
Editores de Video,1.7,58505.0
Editores de Video,1.8,60735.0
Editores de Video,1.9,129400.0
Editores de Video,2.0,68676.0
Editores de Video,2.1,220970.0
Editores de Video,2.2,102497.0
Editores de Video,2.3,117284.0
Editores de Video,2.4,97578.0
Editores de Video,2.5,120924.0
Editores de Video,2.6,124039.0
Editores de Video,2.7,178124.0
Editores de Video,2.8,233010.0
Editores de Video,2.9,215532.0
Editores de Video,3.0,258162.0
Editores de Video,3.1,205607.0
Editores de Video,3.2,457968.0
Editores de Video,3.3,336070.0
Editores de Video,3.4,452127.0
Editores de Video,3.5,466202.0
Editores de Video,3.6,470573.0
Editores de Video,3.7,701114.0
Editores de Video,3.8,604134.0
Editores de Video,3.9,1178220.0
Editores de Video,4.0,10022398.0
Editores de Video,4.1,1053914.0
Editores de Video,4.2,4184015.0
Editores de Video,4.3,4036763.0
Editores de Video,4.4,20606306.0
Editores de Video,4.5,4380069.0
Editores de Video,4.6,3013319.0
Editores de Video,4.7,1851405.0
Editores de Video,4.8,1265403.0
Editores de Video,4.9,158236.0
Editores de Video,5.0,63476.0
Educacion,0.0,1054.0
Educacion,1.0,2544.0
Educacion,1.1,9000.0
Educacion,1.2,19441.0
Educacion,1.3,27482.0
Educacion,1.4,32199.0
Educacion,1.5,40885.0
Educacion,1.6,37326.0
Educacion,1.7,35095.0
Educacion,1.8,23679.0
Educacion,1.9,46169.0
Educacion,2.0,37308.0
Educacion,2.1,48373.0
Educacion,2.2,47807.0
Educacion,2.3,36429.0
Educacion,2.4,45226.0
Educacion,2.5,45112.0
Educacion,2.6,376903.0
Educacion,2.7,53311.0
Educacion,2.8,33787.0
Educacion,2.9,42294.0
Educacion,3.0,33211.0
Educacion,3.1,45469.0
Educacion,3.2,29052.0
Educacion,3.3,49710.0
Educacion,3.4,43071.0
Educacion,3.5,49402.0
Educacion,3.6,65874.0
Educacion,3.7,78031.0
Educacion,3.8,71982.0
Educacion,3.9,92950.0
Educacion,4.0,98241.0
Educacion,4.1,93378.0
Educacion,4.2,106944.0
Educacion,4.3,126743.0
Educacion,4.4,103098.0
Educacion,4.5,164314.0
Educacion,4.6,137930.0
Educacion,4.7,92816.0
Educacion,4.8,46975.0
Educacion,4.9,13004.0
Educacion,5.0,959.0
Educacionales,0.0,1180.0
Educacionales,1.0,1061.0
Educacionales,1.1,7638.0
Educacionales,1.2,600.0
Educacionales,1.3,870.0
Educacionales,1.4,2156.0
Educacionales,1.5,13202.0
Educacionales,1.6,9292.0
Educacionales,1.7,7858.0
Educacionales,1.8,11862.0
Educacionales,1.9,9818.0
Educacionales,2.0,6583.0
Educacionales,2.1,6430.0
Educacionales,2.2,14083.0
Educacionales,2.3,15939.0
Educacionales,2.4,14449.0
Educacionales,2.5,14958.0
Educacionales,2.6,28645.0
Educacionales,2.7,19457.0
Educacionales,2.8,27128.0
Educacionales,2.9,135199.0
Educacionales,3.0,42846.0
Educacionales,3.1,79624.0
Educacionales,3.2,101721.0
Educacionales,3.3,113807.0
Educacionales,3.4,79533.0
Educacionales,3.5,126960.0
Educacionales,3.6,234710.0
Educacionales,3.7,367033.0
Educacionales,3.8,414866.0
Educacionales,3.9,774693.0
Educacionales,4.0,1119216.0
Educacionales,4.1,1699335.0
Educacionales,4.2,1703885.0
Educacionales,4.3,1603295.0
Educacionales,4.4,845065.0
Educacionales,4.5,184974.0
Educacionales,4.6,141417.0
Educacionales,4.7,97533.0
Educacionales,4.8,40301.0
Educacionales,4.9,7863.0
Educacionales,5.0,1741.0
Entretenimiento,0.0,2263.0
Entretenimiento,1.0,12379.0
Entretenimiento,1.1,165497.0
Entretenimiento,1.2,215318.0
Entretenimiento,1.3,250224.0
Entretenimiento,1.4,249273.0
Entretenimiento,1.5,28358.0
Entretenimiento,1.6,728777.0
Entretenimiento,1.7,103717.0
Entretenimiento,1.8,125496.0
Entretenimiento,1.9,64533.0
Entretenimiento,2.0,128063.0
Entretenimiento,2.1,524869.0
Entretenimiento,2.2,77985.0
Entretenimiento,2.3,127374.0
Entretenimiento,2.4,382117.0
Entretenimiento,2.5,129618.0
Entretenimiento,2.6,126289.0
Entretenimiento,2.7,220992.0
Entretenimiento,2.8,222561.0
Entretenimiento,2.9,218829.0
Entretenimiento,3.0,195047.0
Entretenimiento,3.1,296812.0
Entretenimiento,3.2,215263.0
Entretenimiento,3.3,230029.0
Entretenimiento,3.4,302121.0
Entretenimiento,3.5,335885.0
Entretenimiento,3.6,255201.0
Entretenimiento,3.7,348267.0
Entretenimiento,3.8,368742.0
Entretenimiento,3.9,697510.0
Entretenimiento,4.0,527553.0
Entretenimiento,4.1,414080.0
Entretenimiento,4.2,393199.0
Entretenimiento,4.3,1284838.0
Entretenimiento,4.4,639833.0
Entretenimiento,4.5,428083.0
Entretenimiento,4.6,215347.0
Entretenimiento,4.7,148380.0
Entretenimiento,4.8,41288.0
Entretenimiento,4.9,13453.0
Entretenimiento,5.0,3026.0
Estilo de vida,0.0,1214.0
Estilo de vida,1.0,2279.0
Estilo de vida,1.1,35316.0
Estilo de vida,1.2,15001.0
Estilo de vida,1.3,20800.0
Estilo de vida,1.4,111985.0
Estilo de vida,1.5,54146.0
Estilo de vida,1.6,136743.0
Estilo de vida,1.7,47626.0
Estilo de vida,1.8,92264.0
Estilo de vida,1.9,100537.0
Estilo de vida,2.0,80765.0
Estilo de vida,2.1,36350.0
Estilo de vida,2.2,77551.0
Estilo de vida,2.3,88130.0
Estilo de vida,2.4,59253.0
Estilo de vida,2.5,47528.0
Estilo de vida,2.6,90295.0
Estilo de vida,2.7,180426.0
Estilo de vida,2.8,101086.0
Estilo de vida,2.9,102164.0
Estilo de vida,3.0,57701.0
Estilo de vida,3.1,110957.0
Estilo de vida,3.2,87609.0
Estilo de vida,3.3,391984.0
Estilo de vida,3.4,146872.0
Estilo de vida,3.5,115414.0
Estilo de vida,3.6,173095.0
Estilo de vida,3.7,124855.0
Estilo de vida,3.8,180922.0
Estilo de vida,3.9,275602.0
Estilo de vida,4.0,327110.0
Estilo de vida,4.1,271134.0
Estilo de vida,4.2,151013.0
Estilo de vida,4.3,235856.0
Estilo de vida,4.4,230673.0
Estilo de vida,4.5,396184.0
Estilo de vida,4.6,391159.0
Estilo de vida,4.7,174065.0
Estilo de vida,4.8,71803.0
Estilo de vida,4.9,32368.0
Estilo de vida,5.0,1631.0
Estrategia,0.0,1670.0
Estrategia,1.0,523.0
Estrategia,1.2,3439.0
Estrategia,1.3,163.0
Estrategia,1.4,2608.0
Estrategia,1.5,2930.0
Estrategia,1.6,27061.0
Estrategia,1.7,6188.0
Estrategia,1.8,102945.0
Estrategia,1.9,4890.0
Estrategia,2.0,8952.0
Estrategia,2.1,10721.0
Estrategia,2.2,83209.0
Estrategia,2.3,103692.0
Estrategia,2.4,228791.0
Estrategia,2.5,67667.0
Estrategia,2.6,90038.0
Estrategia,2.7,270350.0
Estrategia,2.8,59578.0
Estrategia,2.9,63110.0
Estrategia,3.0,205785.0
Estrategia,3.1,193071.0
Estrategia,3.2,95381.0
Estrategia,3.3,120121.0
Estrategia,3.4,234689.0
Estrategia,3.5,290259.0
Estrategia,3.6,1270773.0
Estrategia,3.7,253430.0
Estrategia,3.8,551410.0
Estrategia,3.9,614942.0
Estrategia,4.0,1267949.0
Estrategia,4.1,1438512.0
Estrategia,4.2,2802136.0
Estrategia,4.3,3634271.0
Estrategia,4.4,2138699.0
Estrategia,4.5,4744279.0
Estrategia,4.6,1041071.0
Estrategia,4.7,424105.0
Estrategia,4.8,48197.0
Estrategia,4.9,24501.0
Estrategia,5.0,270.0
Eventos,0.0,329.0
Eventos,1.0,578.0
Eventos,1.1,393.0
Eventos,1.2,5544.0
Eventos,1.3,2793.0
Eventos,1.4,6405.0
Eventos,1.5,1426.0
Eventos,1.6,2455.0
Eventos,1.7,2980.0
Eventos,1.8,7175.0
Eventos,1.9,81051.0
Eventos,2.0,8847.0
Eventos,2.1,10008.0
Eventos,2.2,14603.0
Eventos,2.3,158325.0
Eventos,2.4,53163.0
Eventos,2.5,15182.0
Eventos,2.6,41539.0
Eventos,2.7,31206.0
Eventos,2.8,133571.0
Eventos,2.9,62198.0
Eventos,3.0,10728.0
Eventos,3.1,7819.0
Eventos,3.2,81992.0
Eventos,3.3,12989.0
Eventos,3.4,30808.0
Eventos,3.5,56784.0
Eventos,3.6,55021.0
Eventos,3.7,232450.0
Eventos,3.8,64974.0
Eventos,3.9,23071.0
Eventos,4.0,53434.0
Eventos,4.1,78100.0
Eventos,4.2,84004.0
Eventos,4.3,40254.0
Eventos,4.4,30926.0
Eventos,4.5,21483.0
Eventos,4.6,68095.0
Eventos,4.7,47302.0
Eventos,4.8,8036.0
Eventos,4.9,1703.0
Eventos,5.0,820.0
Finanzas,0.0,1584.0
Finanzas,1.0,2093.0
Finanzas,1.1,3831.0
Finanzas,1.2,27300.0
Finanzas,1.3,31414.0
Finanzas,1.4,41626.0
Finanzas,1.5,69549.0
Finanzas,1.6,115939.0
Finanzas,1.7,90951.0
Finanzas,1.8,142131.0
Finanzas,1.9,113382.0
Finanzas,2.0,87234.0
Finanzas,2.1,137478.0
Finanzas,2.2,117028.0
Finanzas,2.3,210382.0
Finanzas,2.4,109021.0
Finanzas,2.5,133825.0
Finanzas,2.6,93557.0
Finanzas,2.7,241977.0
Finanzas,2.8,127104.0
Finanzas,2.9,191656.0
Finanzas,3.0,157125.0
Finanzas,3.1,201798.0
Finanzas,3.2,149160.0
Finanzas,3.3,137887.0
Finanzas,3.4,136358.0
Finanzas,3.5,225992.0
Finanzas,3.6,270677.0
Finanzas,3.7,215214.0
Finanzas,3.8,716275.0
Finanzas,3.9,277675.0
Finanzas,4.0,301624.0
Finanzas,4.1,432241.0
Finanzas,4.2,457249.0
Finanzas,4.3,381457.0
Finanzas,4.4,388855.0
Finanzas,4.5,522307.0
Finanzas,4.6,313824.0
Finanzas,4.7,285586.0
Finanzas,4.8,126065.0
Finanzas,4.9,25258.0
Finanzas,5.0,1308.0
Fotografia,0.0,2581.0
Fotografia,1.0,19513.0
Fotografia,1.1,75650.0
Fotografia,1.2,12243.0
Fotografia,1.3,31834.0
Fotografia,1.4,99157.0
Fotografia,1.5,49135.0
Fotografia,1.6,33469.0
Fotografia,1.7,210509.0
Fotografia,1.8,107395.0
Fotografia,1.9,117794.0
Fotografia,2.0,161209.0
Fotografia,2.1,204137.0
Fotografia,2.2,198424.0
Fotografia,2.3,241675.0
Fotografia,2.4,109146.0
Fotografia,2.5,148386.0
Fotografia,2.6,179617.0
Fotografia,2.7,265352.0
Fotografia,2.8,323866.0
Fotografia,2.9,312552.0
Fotografia,3.0,169783.0
Fotografia,3.1,269642.0
Fotografia,3.2,191074.0
Fotografia,3.3,267491.0
Fotografia,3.4,336059.0
Fotografia,3.5,759616.0
Fotografia,3.6,578593.0
Fotografia,3.7,665106.0
Fotografia,3.8,450419.0
Fotografia,3.9,703718.0
Fotografia,4.0,664748.0
Fotografia,4.1,858595.0
Fotografia,4.2,1669252.0
Fotografia,4.3,2307323.0
Fotografia,4.4,2252627.0
Fotografia,4.5,9772974.0
Fotografia,4.6,2047958.0
Fotografia,4.7,1055301.0
Fotografia,4.8,1582369.0
Fotografia,4.9,449062.0
Fotografia,5.0,49553.0
Herramientas,0.0,1187.0
Herramientas,1.0,3278.0
Herramientas,1.1,2791656.0
Herramientas,1.2,15470.0
Herramientas,1.3,28911.0
Herramientas,1.4,138488.0
Herramientas,1.5,21151.0
Herramientas,1.6,109982.0
Herramientas,1.7,40922.0
Herramientas,1.8,386316.0
Herramientas,1.9,377718.0
Herramientas,2.0,248848.0
Herramientas,2.1,48436.0
Herramientas,2.2,66847.0
Herramientas,2.3,209678.0
Herramientas,2.4,87190.0
Herramientas,2.5,95584.0
Herramientas,2.6,172852.0
Herramientas,2.7,89131.0
Herramientas,2.8,204511.0
Herramientas,2.9,157389.0
Herramientas,3.0,245357.0
Herramientas,3.1,251737.0
Herramientas,3.2,181336.0
Herramientas,3.3,210911.0
Herramientas,3.4,226973.0
Herramientas,3.5,250848.0
Herramientas,3.6,261512.0
Herramientas,3.7,318936.0
Herramientas,3.8,494980.0
Herramientas,3.9,601848.0
Herramientas,4.0,1846698.0
Herramientas,4.1,3010026.0
Herramientas,4.2,6345094.0
Herramientas,4.3,2050299.0
Herramientas,4.4,1254660.0
Herramientas,4.5,3424046.0
Herramientas,4.6,1495146.0
Herramientas,4.7,1117216.0
Herramientas,4.8,226186.0
Herramientas,4.9,20832.0
Herramientas,5.0,1415.0
Juegos de Rol,0.0,9782.0
Juegos de Rol,1.0,261.0
Juegos de Rol,1.1,694.0
Juegos de Rol,1.3,8574.0
Juegos de Rol,1.4,1688.0
Juegos de Rol,1.5,92722.0
Juegos de Rol,1.6,9636.0
Juegos de Rol,1.7,7289.0
Juegos de Rol,1.8,2187.0
Juegos de Rol,1.9,427654.0
Juegos de Rol,2.0,8617.0
Juegos de Rol,2.1,409629.0
Juegos de Rol,2.2,95810.0
Juegos de Rol,2.3,149800.0
Juegos de Rol,2.4,39790.0
Juegos de Rol,2.5,67424.0
Juegos de Rol,2.6,295232.0
Juegos de Rol,2.7,148930.0
Juegos de Rol,2.8,78552.0
Juegos de Rol,2.9,120656.0
Juegos de Rol,3.0,124469.0
Juegos de Rol,3.1,104232.0
Juegos de Rol,3.2,188184.0
Juegos de Rol,3.3,249483.0
Juegos de Rol,3.4,369583.0
Juegos de Rol,3.5,351420.0
Juegos de Rol,3.6,433432.0
Juegos de Rol,3.7,564281.0
Juegos de Rol,3.8,881166.0
Juegos de Rol,3.9,1270606.0
Juegos de Rol,4.0,1549233.0
Juegos de Rol,4.1,1665183.0
Juegos de Rol,4.2,2419431.0
Juegos de Rol,4.3,1575845.0
Juegos de Rol,4.4,1087196.0
Juegos de Rol,4.5,1173648.0
Juegos de Rol,4.6,771183.0
Juegos de Rol,4.7,639311.0
Juegos de Rol,4.8,490099.0
Juegos de Rol,4.9,210298.0
Juegos de Rol,5.0,16070.0
Librerias y Demo,0.0,857.0
Librerias y Demo,1.0,2058.0
Librerias y Demo,1.1,36794.0
Librerias y Demo,1.4,11343.0
Librerias y Demo,1.5,17022.0
Librerias y Demo,1.6,14723.0
Librerias y Demo,1.7,219523.0
Librerias y Demo,1.8,21442.0
Librerias y Demo,1.9,29391.0
Librerias y Demo,2.0,24930.0
Librerias y Demo,2.1,14948.0
Librerias y Demo,2.2,55076.0
Librerias y Demo,2.3,54941.0
Librerias y Demo,2.4,27092.0
Librerias y Demo,2.5,20308.0
Librerias y Demo,2.6,6002.0
Librerias y Demo,2.7,283905.0
Librerias y Demo,2.8,18646.0
Librerias y Demo,2.9,89405.0
Librerias y Demo,3.0,47092.0
Librerias y Demo,3.1,24120.0
Librerias y Demo,3.2,29559.0
Librerias y Demo,3.3,298730.0
Librerias y Demo,3.4,41669.0
Librerias y Demo,3.5,176638.0
Librerias y Demo,3.6,175826.0
Librerias y Demo,3.7,554649.0
Librerias y Demo,3.8,147252.0
Librerias y Demo,3.9,243184.0
Librerias y Demo,4.0,584776.0
Librerias y Demo,4.1,231827.0
Librerias y Demo,4.2,111020.0
Librerias y Demo,4.3,1004803.0
Librerias y Demo,4.4,407623.0
Librerias y Demo,4.5,169054.0
Librerias y Demo,4.6,93066.0
Librerias y Demo,4.7,74083.0
Librerias y Demo,4.8,19651.0
Librerias y Demo,4.9,36194.0
Librerias y Demo,5.0,21266.0
Libros y Referencias,0.0,1358.0
Libros y Referencias,1.0,1448.0
Libros y Referencias,1.1,1776.0
Libros y Referencias,1.2,8972.0
Libros y Referencias,1.3,16244.0
Libros y Referencias,1.4,15038.0
Libros y Referencias,1.5,29094.0
Libros y Referencias,1.6,12642.0
Libros y Referencias,1.7,27562.0
Libros y Referencias,1.8,44650.0
Libros y Referencias,1.9,53785.0
Libros y Referencias,2.0,32415.0
Libros y Referencias,2.1,17990.0
Libros y Referencias,2.2,37314.0
Libros y Referencias,2.3,32521.0
Libros y Referencias,2.4,33254.0
Libros y Referencias,2.5,46701.0
Libros y Referencias,2.6,43518.0
Libros y Referencias,2.7,39357.0
Libros y Referencias,2.8,45763.0
Libros y Referencias,2.9,61330.0
Libros y Referencias,3.0,47354.0
Libros y Referencias,3.1,39540.0
Libros y Referencias,3.2,61281.0
Libros y Referencias,3.3,65487.0
Libros y Referencias,3.4,54485.0
Libros y Referencias,3.5,49525.0
Libros y Referencias,3.6,73536.0
Libros y Referencias,3.7,54080.0
Libros y Referencias,3.8,101147.0
Libros y Referencias,3.9,102148.0
Libros y Referencias,4.0,79172.0
Libros y Referencias,4.1,1105808.0
Libros y Referencias,4.2,97068.0
Libros y Referencias,4.3,128089.0
Libros y Referencias,4.4,122224.0
Libros y Referencias,4.5,151694.0
Libros y Referencias,4.6,104453.0
Libros y Referencias,4.7,164700.0
Libros y Referencias,4.8,97847.0
Libros y Referencias,4.9,128462.0
Libros y Referencias,5.0,3361.0
Mapas y navegacion,0.0,1332.0
Mapas y navegacion,1.0,663.0
Mapas y navegacion,1.1,11198.0
Mapas y navegacion,1.2,8959.0
Mapas y navegacion,1.3,30623.0
Mapas y navegacion,1.4,13377.0
Mapas y navegacion,1.5,25463.0
Mapas y navegacion,1.6,38067.0
Mapas y navegacion,1.7,25517.0
Mapas y navegacion,1.8,37752.0
Mapas y navegacion,1.9,55457.0
Mapas y navegacion,2.0,38142.0
Mapas y navegacion,2.1,42526.0
Mapas y navegacion,2.2,67198.0
Mapas y navegacion,2.3,60983.0
Mapas y navegacion,2.4,111998.0
Mapas y navegacion,2.5,63793.0
Mapas y navegacion,2.6,77604.0
Mapas y navegacion,2.7,77379.0
Mapas y navegacion,2.8,99189.0
Mapas y navegacion,2.9,150206.0
Mapas y navegacion,3.0,57686.0
Mapas y navegacion,3.1,145257.0
Mapas y navegacion,3.2,73703.0
Mapas y navegacion,3.3,139469.0
Mapas y navegacion,3.4,126343.0
Mapas y navegacion,3.5,74848.0
Mapas y navegacion,3.6,344833.0
Mapas y navegacion,3.7,118344.0
Mapas y navegacion,3.8,184322.0
Mapas y navegacion,3.9,272738.0
Mapas y navegacion,4.0,410640.0
Mapas y navegacion,4.1,856685.0
Mapas y navegacion,4.2,280193.0
Mapas y navegacion,4.3,250052.0
Mapas y navegacion,4.4,1178314.0
Mapas y navegacion,4.5,644928.0
Mapas y navegacion,4.6,350617.0
Mapas y navegacion,4.7,368010.0
Mapas y navegacion,4.8,87618.0
Mapas y navegacion,4.9,275140.0
Mapas y navegacion,5.0,1481.0
Medico,0.0,583.0
Medico,1.0,1122.0
Medico,1.1,37456.0
Medico,1.2,5995.0
Medico,1.3,46536.0
Medico,1.4,47763.0
Medico,1.5,114196.0
Medico,1.6,38332.0
Medico,1.7,64062.0
Medico,1.8,37181.0
Medico,1.9,21135.0
Medico,2.0,12665.0
Medico,2.1,22344.0
Medico,2.2,248391.0
Medico,2.3,20294.0
Medico,2.4,27069.0
Medico,2.5,22870.0
Medico,2.6,65292.0
Medico,2.7,55446.0
Medico,2.8,29017.0
Medico,2.9,78710.0
Medico,3.0,26128.0
Medico,3.1,65612.0
Medico,3.2,103474.0
Medico,3.3,60372.0
Medico,3.4,47504.0
Medico,3.5,113250.0
Medico,3.6,42096.0
Medico,3.7,60087.0
Medico,3.8,46179.0
Medico,3.9,80244.0
Medico,4.0,52527.0
Medico,4.1,97367.0
Medico,4.2,126870.0
Medico,4.3,110663.0
Medico,4.4,83796.0
Medico,4.5,131556.0
Medico,4.6,92529.0
Medico,4.7,116064.0
Medico,4.8,72962.0
Medico,4.9,59083.0
Medico,5.0,1095.0
Musica,0.0,1163.0
Musica,1.5,17004.0
Musica,1.6,143919.0
Musica,1.7,8798.0
Musica,1.8,3582.0
Musica,1.9,5576.0
Musica,2.0,10528.0
Musica,2.1,41460.0
Musica,2.2,34086.0
Musica,2.3,29872.0
Musica,2.4,24093.0
Musica,2.5,21187.0
Musica,2.6,9705.0
Musica,2.7,74730.0
Musica,2.8,29733.0
Musica,2.9,34351.0
Musica,3.0,54477.0
Musica,3.1,337341.0
Musica,3.2,183008.0
Musica,3.3,249828.0
Musica,3.4,319924.0
Musica,3.5,415396.0
Musica,3.6,402545.0
Musica,3.7,1218055.0
Musica,3.8,357629.0
Musica,3.9,619865.0
Musica,4.0,1397892.0
Musica,4.1,4223555.0
Musica,4.2,1248736.0
Musica,4.3,2940965.0
Musica,4.4,2313592.0
Musica,4.5,831933.0
Musica,4.6,1211527.0
Musica,4.7,162789.0
Musica,4.8,55001.0
Musica,4.9,125077.0
Musica,5.0,357.0
Negocios,0.0,385.0
Negocios,1.0,1077.0
Negocios,1.1,5689.0
Negocios,1.2,35219.0
Negocios,1.3,25640.0
Negocios,1.4,12890.0
Negocios,1.5,33642.0
Negocios,1.6,34772.0
Negocios,1.7,32450.0
Negocios,1.8,22997.0
Negocios,1.9,31036.0
Negocios,2.0,23603.0
Negocios,2.1,24307.0
Negocios,2.2,37143.0
Negocios,2.3,47830.0
Negocios,2.4,52301.0
Negocios,2.5,48022.0
Negocios,2.6,56587.0
Negocios,2.7,44874.0
Negocios,2.8,56492.0
Negocios,2.9,45027.0
Negocios,3.0,32238.0
Negocios,3.1,95885.0
Negocios,3.2,39153.0
Negocios,3.3,71414.0
Negocios,3.4,115153.0
Negocios,3.5,63057.0
Negocios,3.6,62410.0
Negocios,3.7,282997.0
Negocios,3.8,68621.0
Negocios,3.9,393593.0
Negocios,4.0,113108.0
Negocios,4.1,284116.0
Negocios,4.2,720378.0
Negocios,4.3,156367.0
Negocios,4.4,508051.0
Negocios,4.5,112990.0
Negocios,4.6,171387.0
Negocios,4.7,163105.0
Negocios,4.8,39290.0
Negocios,4.9,4404.0
Negocios,5.0,560.0
Noticias  y  Revistas,0.0,1165.0
Noticias  y  Revistas,1.0,1263.0
Noticias  y  Revistas,1.1,323126.0
Noticias  y  Revistas,1.2,6666.0
Noticias  y  Revistas,1.3,30839.0
Noticias  y  Revistas,1.4,47808.0
Noticias  y  Revistas,1.5,29662.0
Noticias  y  Revistas,1.6,33115.0
Noticias  y  Revistas,1.7,25771.0
Noticias  y  Revistas,1.8,29241.0
Noticias  y  Revistas,1.9,188895.0
Noticias  y  Revistas,2.0,38798.0
Noticias  y  Revistas,2.1,33550.0
Noticias  y  Revistas,2.2,35082.0
Noticias  y  Revistas,2.3,43875.0
Noticias  y  Revistas,2.4,81877.0
Noticias  y  Revistas,2.5,190388.0
Noticias  y  Revistas,2.6,116932.0
Noticias  y  Revistas,2.7,103613.0
Noticias  y  Revistas,2.8,99322.0
Noticias  y  Revistas,2.9,107460.0
Noticias  y  Revistas,3.0,201707.0
Noticias  y  Revistas,3.1,47609.0
Noticias  y  Revistas,3.2,87850.0
Noticias  y  Revistas,3.3,119734.0
Noticias  y  Revistas,3.4,96894.0
Noticias  y  Revistas,3.5,135309.0
Noticias  y  Revistas,3.6,112530.0
Noticias  y  Revistas,3.7,414991.0
Noticias  y  Revistas,3.8,144257.0
Noticias  y  Revistas,3.9,1511522.0
Noticias  y  Revistas,4.0,146479.0
Noticias  y  Revistas,4.1,2980182.0
Noticias  y  Revistas,4.2,331233.0
Noticias  y  Revistas,4.3,235772.0
Noticias  y  Revistas,4.4,136776.0
Noticias  y  Revistas,4.5,218093.0
Noticias  y  Revistas,4.6,72919.0
Noticias  y  Revistas,4.7,57317.0
Noticias  y  Revistas,4.8,24427.0
Noticias  y  Revistas,4.9,4617.0
Noticias  y  Revistas,5.0,670.0
Paternidad,0.0,2964.0
Paternidad,1.0,569.0
Paternidad,1.1,6204.0
Paternidad,1.2,5932.0
Paternidad,1.3,4859.0
Paternidad,1.4,13558.0
Paternidad,1.5,6481.0
Paternidad,1.6,80583.0
Paternidad,1.7,20152.0
Paternidad,1.8,11541.0
Paternidad,1.9,26572.0
Paternidad,2.0,17535.0
Paternidad,2.1,7506.0
Paternidad,2.2,21015.0
Paternidad,2.3,65352.0
Paternidad,2.4,6134.0
Paternidad,2.5,82330.0
Paternidad,2.6,11281.0
Paternidad,2.7,30767.0
Paternidad,2.8,144960.0
Paternidad,2.9,24879.0
Paternidad,3.0,57395.0
Paternidad,3.1,30570.0
Paternidad,3.2,63811.0
Paternidad,3.3,72368.0
Paternidad,3.4,80485.0
Paternidad,3.5,106565.0
Paternidad,3.6,97391.0
Paternidad,3.7,81669.0
Paternidad,3.8,181580.0
Paternidad,3.9,134896.0
Paternidad,4.0,161403.0
Paternidad,4.1,484908.0
Paternidad,4.2,404542.0
Paternidad,4.3,139882.0
Paternidad,4.4,178384.0
Paternidad,4.5,360963.0
Paternidad,4.6,261332.0
Paternidad,4.7,331525.0
Paternidad,4.8,727925.0
Paternidad,4.9,105009.0
Paternidad,5.0,3034.0
Personalization,0.0,1636.0
Personalization,1.0,1393.0
Personalization,1.1,11074.0
Personalization,1.2,3910.0
Personalization,1.3,17677.0
Personalization,1.4,16862.0
Personalization,1.5,3423.0
Personalization,1.6,42666.0
Personalization,1.7,23901.0
Personalization,1.8,30717.0
Personalization,1.9,57200.0
Personalization,2.0,14310.0
Personalization,2.1,46805.0
Personalization,2.2,21762.0
Personalization,2.3,44719.0
Personalization,2.4,38024.0
Personalization,2.5,92021.0
Personalization,2.6,35325.0
Personalization,2.7,53123.0
Personalization,2.8,83725.0
Personalization,2.9,109956.0
Personalization,3.0,263404.0
Personalization,3.1,102724.0
Personalization,3.2,101278.0
Personalization,3.3,190329.0
Personalization,3.4,93163.0
Personalization,3.5,102757.0
Personalization,3.6,198205.0
Personalization,3.7,604364.0
Personalization,3.8,186468.0
Personalization,3.9,233054.0
Personalization,4.0,864144.0
Personalization,4.1,443360.0
Personalization,4.2,343424.0
Personalization,4.3,298141.0
Personalization,4.4,369355.0
Personalization,4.5,401363.0
Personalization,4.6,244104.0
Personalization,4.7,178132.0
Personalization,4.8,52491.0
Personalization,4.9,14913.0
Personalization,5.0,2362.0
Productividad,0.0,599.0
Productividad,1.0,4760.0
Productividad,1.1,23942.0
Productividad,1.2,13688.0
Productividad,1.3,41728.0
Productividad,1.4,37596.0
Productividad,1.5,30266.0
Productividad,1.6,156634.0
Productividad,1.7,20101.0
Productividad,1.8,56492.0
Productividad,1.9,56068.0
Productividad,2.0,30278.0
Productividad,2.1,65642.0
Productividad,2.2,52801.0
Productividad,2.3,52834.0
Productividad,2.4,136334.0
Productividad,2.5,94775.0
Productividad,2.6,45101.0
Productividad,2.7,123799.0
Productividad,2.8,115215.0
Productividad,2.9,177518.0
Productividad,3.0,83748.0
Productividad,3.1,136693.0
Productividad,3.2,111092.0
Productividad,3.3,129965.0
Productividad,3.4,229250.0
Productividad,3.5,190589.0
Productividad,3.6,279211.0
Productividad,3.7,173512.0
Productividad,3.8,325801.0
Productividad,3.9,468791.0
Productividad,4.0,1060850.0
Productividad,4.1,1755324.0
Productividad,4.2,1573635.0
Productividad,4.3,8031863.0
Productividad,4.4,2074200.0
Productividad,4.5,1399169.0
Productividad,4.6,1188727.0
Productividad,4.7,1134825.0
Productividad,4.8,235049.0
Productividad,4.9,9597.0
Productividad,5.0,791.0
Puzzle,0.0,693.0
Puzzle,1.0,1195.0
Puzzle,1.1,584.0
Puzzle,1.2,2025.0
Puzzle,1.3,2140.0
Puzzle,1.4,4042.0
Puzzle,1.5,2887200.0
Puzzle,1.6,28771.0
Puzzle,1.7,5096.0
Puzzle,1.8,13113.0
Puzzle,1.9,94020.0
Puzzle,2.0,34587.0
Puzzle,2.1,15748.0
Puzzle,2.2,66040.0
Puzzle,2.3,51686.0
Puzzle,2.4,20918.0
Puzzle,2.5,152993.0
Puzzle,2.6,138134.0
Puzzle,2.7,49725.0
Puzzle,2.8,47485.0
Puzzle,2.9,84556.0
Puzzle,3.0,59485.0
Puzzle,3.1,125345.0
Puzzle,3.2,160044.0
Puzzle,3.3,155116.0
Puzzle,3.4,122275.0
Puzzle,3.5,170815.0
Puzzle,3.6,440754.0
Puzzle,3.7,353233.0
Puzzle,3.8,415395.0
Puzzle,3.9,665405.0
Puzzle,4.0,597593.0
Puzzle,4.1,1029328.0
Puzzle,4.2,1003687.0
Puzzle,4.3,936292.0
Puzzle,4.4,1189143.0
Puzzle,4.5,1082201.0
Puzzle,4.6,706079.0
Puzzle,4.7,319434.0
Puzzle,4.8,81332.0
Puzzle,4.9,15399.0
Puzzle,5.0,905.0
Salud y Fisico,0.0,570.0
Salud y Fisico,1.0,2063.0
Salud y Fisico,1.1,16898.0
Salud y Fisico,1.2,12909.0
Salud y Fisico,1.3,25623.0
Salud y Fisico,1.4,32797.0
Salud y Fisico,1.5,48973.0
Salud y Fisico,1.6,27583.0
Salud y Fisico,1.7,102989.0
Salud y Fisico,1.8,31454.0
Salud y Fisico,1.9,25824.0
Salud y Fisico,2.0,24986.0
Salud y Fisico,2.1,25915.0
Salud y Fisico,2.2,40311.0
Salud y Fisico,2.3,68231.0
Salud y Fisico,2.4,46465.0
Salud y Fisico,2.5,43825.0
Salud y Fisico,2.6,49231.0
Salud y Fisico,2.7,52658.0
Salud y Fisico,2.8,65853.0
Salud y Fisico,2.9,45383.0
Salud y Fisico,3.0,90147.0
Salud y Fisico,3.1,73366.0
Salud y Fisico,3.2,46009.0
Salud y Fisico,3.3,73569.0
Salud y Fisico,3.4,121638.0
Salud y Fisico,3.5,108273.0
Salud y Fisico,3.6,1679694.0
Salud y Fisico,3.7,65579.0
Salud y Fisico,3.8,237753.0
Salud y Fisico,3.9,289008.0
Salud y Fisico,4.0,76667.0
Salud y Fisico,4.1,128073.0
Salud y Fisico,4.2,322608.0
Salud y Fisico,4.3,200455.0
Salud y Fisico,4.4,308547.0
Salud y Fisico,4.5,313220.0
Salud y Fisico,4.6,317335.0
Salud y Fisico,4.7,323346.0
Salud y Fisico,4.8,458158.0
Salud y Fisico,4.9,480651.0
Salud y Fisico,5.0,1099.0
Shopping,0.0,856.0
Shopping,1.0,11499.0
Shopping,1.1,14724.0
Shopping,1.2,27811.0
Shopping,1.3,44150.0
Shopping,1.4,224867.0
Shopping,1.5,74504.0
Shopping,1.6,65994.0
Shopping,1.7,33754.0
Shopping,1.8,31978.0
Shopping,1.9,122909.0
Shopping,2.0,80358.0
Shopping,2.1,100869.0
Shopping,2.2,106160.0
Shopping,2.3,103403.0
Shopping,2.4,65555.0
Shopping,2.5,148433.0
Shopping,2.6,86674.0
Shopping,2.7,148102.0
Shopping,2.8,88688.0
Shopping,2.9,160479.0
Shopping,3.0,120487.0
Shopping,3.1,175816.0
Shopping,3.2,110474.0
Shopping,3.3,350996.0
Shopping,3.4,167229.0
Shopping,3.5,238421.0
Shopping,3.6,306675.0
Shopping,3.7,417781.0
Shopping,3.8,182731.0
Shopping,3.9,199451.0
Shopping,4.0,466275.0
Shopping,4.1,471892.0
Shopping,4.2,493149.0
Shopping,4.3,725553.0
Shopping,4.4,948737.0
Shopping,4.5,679836.0
Shopping,4.6,1367692.0
Shopping,4.7,904632.0
Shopping,4.8,245233.0
Shopping,4.9,23794.0
Shopping,5.0,649.0
Simulation,0.0,4616.0
Simulation,1.0,2459.0
Simulation,1.1,4921.0
Simulation,1.2,9503.0
Simulation,1.3,22410.0
Simulation,1.4,11062.0
Simulation,1.5,8690.0
Simulation,1.6,42313.0
Simulation,1.7,87477.0
Simulation,1.8,20786.0
Simulation,1.9,219602.0
Simulation,2.0,70513.0
Simulation,2.1,212370.0
Simulation,2.2,179016.0
Simulation,2.3,151338.0
Simulation,2.4,169022.0
Simulation,2.5,154058.0
Simulation,2.6,175331.0
Simulation,2.7,232784.0
Simulation,2.8,178144.0
Simulation,2.9,248667.0
Simulation,3.0,359345.0
Simulation,3.1,249089.0
Simulation,3.2,260821.0
Simulation,3.3,276489.0
Simulation,3.4,570157.0
Simulation,3.5,415157.0
Simulation,3.6,598074.0
Simulation,3.7,741955.0
Simulation,3.8,755061.0
Simulation,3.9,1184865.0
Simulation,4.0,1566221.0
Simulation,4.1,1858181.0
Simulation,4.2,2109860.0
Simulation,4.3,1994096.0
Simulation,4.4,1695710.0
Simulation,4.5,1590564.0
Simulation,4.6,1555869.0
Simulation,4.7,637942.0
Simulation,4.8,138646.0
Simulation,4.9,41680.0
Simulation,5.0,5186.0
Social,0.0,1172.0
Social,1.0,1191.0
Social,1.1,129361.0
Social,1.2,24124.0
Social,1.3,1371870.0
Social,1.4,107869.0
Social,1.5,59181.0
Social,1.6,114131.0
Social,1.7,182765.0
Social,1.8,36383.0
Social,1.9,28183.0
Social,2.0,100106.0
Social,2.1,86067.0
Social,2.2,583561.0
Social,2.3,72329437.0
Social,2.4,58760.0
Social,2.5,187829.0
Social,2.6,139655.0
Social,2.7,120696.0
Social,2.8,150332.0
Social,2.9,243585.0
Social,3.0,94422.0
Social,3.1,7284225.0
Social,3.2,209840.0
Social,3.3,123207.0
Social,3.4,320923.0
Social,3.5,2651272.0
Social,3.6,214434.0
Social,3.7,578272.0
Social,3.8,4040002.0
Social,3.9,576088.0
Social,4.0,4124942.0
Social,4.1,748961.0
Social,4.2,812005.0
Social,4.3,2978889.0
Social,4.4,1713871.0
Social,4.5,493876.0
Social,4.6,151967.0
Social,4.7,108869.0
Social,4.8,75798.0
Social,4.9,6661.0
Social,5.0,1501.0
Trivia,0.0,1484.0
Trivia,1.2,3944.0
Trivia,1.3,19370.0
Trivia,1.4,25280.0
Trivia,1.5,7651.0
Trivia,1.6,20404.0
Trivia,1.7,140662.0
Trivia,1.8,170467.0
Trivia,1.9,15044.0
Trivia,2.0,13061.0
Trivia,2.1,32306.0
Trivia,2.2,37744.0
Trivia,2.3,112843.0
Trivia,2.4,86256.0
Trivia,2.5,71868.0
Trivia,2.6,106445.0
Trivia,2.7,60533.0
Trivia,2.8,29086.0
Trivia,2.9,141791.0
Trivia,3.0,91817.0
Trivia,3.1,182282.0
Trivia,3.2,98101.0
Trivia,3.3,128134.0
Trivia,3.4,197846.0
Trivia,3.5,126203.0
Trivia,3.6,310719.0
Trivia,3.7,264861.0
Trivia,3.8,278075.0
Trivia,3.9,251261.0
Trivia,4.0,195985.0
Trivia,4.1,214065.0
Trivia,4.2,357735.0
Trivia,4.3,1043758.0
Trivia,4.4,372999.0
Trivia,4.5,393933.0
Trivia,4.6,616212.0
Trivia,4.7,259145.0
Trivia,4.8,55788.0
Trivia,4.9,7396.0
Trivia,5.0,639.0
Viaje y Local,0.0,847.0
Viaje y Local,1.0,2933.0
Viaje y Local,1.1,4867.0
Viaje y Local,1.2,13481.0
Viaje y Local,1.3,36783.0
Viaje y Local,1.4,9821.0
Viaje y Local,1.5,62762.0
Viaje y Local,1.6,39277.0
Viaje y Local,1.7,42809.0
Viaje y Local,1.8,51179.0
Viaje y Local,1.9,38796.0
Viaje y Local,2.0,24516.0
Viaje y Local,2.1,60999.0
Viaje y Local,2.2,54364.0
Viaje y Local,2.3,48263.0
Viaje y Local,2.4,58871.0
Viaje y Local,2.5,63791.0
Viaje y Local,2.6,39239.0
Viaje y Local,2.7,60460.0
Viaje y Local,2.8,78068.0
Viaje y Local,2.9,76843.0
Viaje y Local,3.0,73706.0
Viaje y Local,3.1,73287.0
Viaje y Local,3.2,72489.0
Viaje y Local,3.3,126588.0
Viaje y Local,3.4,153897.0
Viaje y Local,3.5,131429.0
Viaje y Local,3.6,87708.0
Viaje y Local,3.7,116530.0
Viaje y Local,3.8,7126110.0
Viaje y Local,3.9,196961.0
Viaje y Local,4.0,253918.0
Viaje y Local,4.1,249731.0
Viaje y Local,4.2,1005536.0
Viaje y Local,4.3,809112.0
Viaje y Local,4.4,580349.0
Viaje y Local,4.5,349338.0
Viaje y Local,4.6,312781.0
Viaje y Local,4.7,427416.0
Viaje y Local,4.8,104524.0
Viaje y Local,4.9,32657.0
Viaje y Local,5.0,2031.0
Word,0.0,1445.0
Word,1.0,2182.0
Word,1.2,82375.0
Word,1.5,227312.0
Word,1.6,40336.0
Word,1.7,2227.0
Word,1.8,3120.0
Word,1.9,348862.0
Word,2.0,7555.0
Word,2.1,18376.0
Word,2.2,467.0
Word,2.3,9719.0
Word,2.4,19371.0
Word,2.5,35427.0
Word,2.6,83385.0
Word,2.7,436640.0
Word,2.8,44776.0
Word,2.9,76648.0
Word,3.0,39036.0
Word,3.1,30867.0
Word,3.2,82965.0
Word,3.3,149746.0
Word,3.4,489245.0
Word,3.5,287871.0
Word,3.6,227293.0
Word,3.7,755550.0
Word,3.8,219078.0
Word,3.9,401869.0
Word,4.0,225189.0
Word,4.1,275936.0
Word,4.2,914735.0
Word,4.3,539950.0
Word,4.4,748986.0
Word,4.5,1269908.0
Word,4.6,1088721.0
Word,4.7,979925.0
Word,4.8,347697.0
Word,4.9,44922.0
Word,5.0,547.0
